INSERT INTO `CHARACTERS` (`id`, `sport_id`, `name`, `photo`, `strength`, `agility`, `luck`, `created_at`, `updated_at`, `deleted_at`) VALUES(1, 1, 'Soccer Player 1', 'soccer-photo-1.png', 10, 10, 10, '2020-10-19 18:19:04', '2020-10-19 18:19:04', NULL);
INSERT INTO `CHARACTERS` (`id`, `sport_id`, `name`, `photo`, `strength`, `agility`, `luck`, `created_at`, `updated_at`, `deleted_at`) VALUES(2, 1, 'Soccer Player 2', 'soccer-photo-2.png', 20, 20, 20, '2020-10-19 18:23:26', '2020-10-19 18:23:26', NULL);
INSERT INTO `CHARACTERS` (`id`, `sport_id`, `name`, `photo`, `strength`, `agility`, `luck`, `created_at`, `updated_at`, `deleted_at`) VALUES(3, 1, 'Soccer Player 3', 'soccer-photo-3.png', 30, 30, 30, '2020-10-19 18:23:26', '2020-10-19 18:23:26', NULL);
INSERT INTO `CHARACTERS` (`id`, `sport_id`, `name`, `photo`, `strength`, `agility`, `luck`, `created_at`, `updated_at`, `deleted_at`) VALUES(4, 1, 'Soccer Player 4', 'soccer-photo-4.png', 40, 40, 40, '2020-10-19 18:23:26', '2020-10-19 18:23:26', NULL);
INSERT INTO `CHARACTERS` (`id`, `sport_id`, `name`, `photo`, `strength`, `agility`, `luck`, `created_at`, `updated_at`, `deleted_at`) VALUES(5, 1, 'Soccer Player 5', 'soccer-photo-5.png', 50, 50, 50, '2020-10-19 18:23:26', '2020-10-19 18:23:26', NULL);
INSERT INTO `CHARACTERS` (`id`, `sport_id`, `name`, `photo`, `strength`, `agility`, `luck`, `created_at`, `updated_at`, `deleted_at`) VALUES(6, 1, 'Soccer Player 6', 'soccer-photo-6.png', 60, 60, 60, '2020-10-19 18:23:26', '2020-10-19 18:23:26', NULL);
INSERT INTO `CHARACTERS` (`id`, `sport_id`, `name`, `photo`, `strength`, `agility`, `luck`, `created_at`, `updated_at`, `deleted_at`) VALUES(7, 1, 'Soccer Player 7', 'soccer-photo-7.png', 70, 70, 70, '2020-10-19 18:23:26', '2020-10-19 18:23:26', NULL);
INSERT INTO `CHARACTERS` (`id`, `sport_id`, `name`, `photo`, `strength`, `agility`, `luck`, `created_at`, `updated_at`, `deleted_at`) VALUES(8, 1, 'Soccer Player 8', 'soccer-photo-8.png', 80, 80, 80, '2020-10-19 18:23:26', '2020-10-19 18:23:26', NULL);
INSERT INTO `CHARACTERS` (`id`, `sport_id`, `name`, `photo`, `strength`, `agility`, `luck`, `created_at`, `updated_at`, `deleted_at`) VALUES(9, 1, 'Soccer Player 9', 'soccer-photo-9.png', 90, 90, 90, '2020-10-19 18:23:26', '2020-10-19 18:23:26', NULL);
INSERT INTO `CHARACTERS` (`id`, `sport_id`, `name`, `photo`, `strength`, `agility`, `luck`, `created_at`, `updated_at`, `deleted_at`) VALUES(10, 1, 'Soccer Player 10', 'soccer-photo-10.png', 100, 100, 100, '2020-10-19 18:23:26', '2020-10-19 18:23:26', NULL);
INSERT INTO `CHARACTERS` (`id`, `sport_id`, `name`, `photo`, `strength`, `agility`, `luck`, `created_at`, `updated_at`, `deleted_at`) VALUES(11, 1, 'Soccer Player 11', 'soccer-photo-11.png', 110, 110, 110, '2020-10-19 18:23:26', '2020-10-19 18:23:26', NULL);
INSERT INTO `CHARACTERS` (`id`, `sport_id`, `name`, `photo`, `strength`, `agility`, `luck`, `created_at`, `updated_at`, `deleted_at`) VALUES(12, 1, 'Soccer Player 12', 'soccer-photo-12.png', 120, 120, 120, '2020-10-19 18:23:26', '2020-10-19 18:23:26', NULL);
INSERT INTO `CHARACTERS` (`id`, `sport_id`, `name`, `photo`, `strength`, `agility`, `luck`, `created_at`, `updated_at`, `deleted_at`) VALUES(13, 1, 'Soccer Player 13', 'soccer-photo-13.png', 110, 110, 110, '2020-10-19 18:28:57', '2020-10-19 18:28:57', NULL);
INSERT INTO `CHARACTERS` (`id`, `sport_id`, `name`, `photo`, `strength`, `agility`, `luck`, `created_at`, `updated_at`, `deleted_at`) VALUES(14, 1, 'Soccer Player 14', 'soccer-photo-14.png', 100, 100, 100, '2020-10-19 18:28:57', '2020-10-19 18:28:57', NULL);
INSERT INTO `CHARACTERS` (`id`, `sport_id`, `name`, `photo`, `strength`, `agility`, `luck`, `created_at`, `updated_at`, `deleted_at`) VALUES(15, 1, 'Soccer Player 15', 'soccer-photo-15.png', 90, 90, 90, '2020-10-19 18:28:57', '2020-10-19 18:28:57', NULL);
INSERT INTO `CHARACTERS` (`id`, `sport_id`, `name`, `photo`, `strength`, `agility`, `luck`, `created_at`, `updated_at`, `deleted_at`) VALUES(16, 1, 'Soccer Player 16', 'soccer-photo-16.png', 80, 80, 80, '2020-10-19 18:28:57', '2020-10-19 18:28:57', NULL);
INSERT INTO `CHARACTERS` (`id`, `sport_id`, `name`, `photo`, `strength`, `agility`, `luck`, `created_at`, `updated_at`, `deleted_at`) VALUES(17, 1, 'Soccer Player 17', 'soccer-photo-17.png', 70, 70, 70, '2020-10-19 18:28:57', '2020-10-19 18:28:57', NULL);
INSERT INTO `CHARACTERS` (`id`, `sport_id`, `name`, `photo`, `strength`, `agility`, `luck`, `created_at`, `updated_at`, `deleted_at`) VALUES(18, 1, 'Soccer Player 18', 'soccer-photo-18.png', 60, 60, 60, '2020-10-19 18:28:57', '2020-10-19 18:28:57', NULL);
INSERT INTO `CHARACTERS` (`id`, `sport_id`, `name`, `photo`, `strength`, `agility`, `luck`, `created_at`, `updated_at`, `deleted_at`) VALUES(19, 1, 'Soccer Player 19', 'soccer-photo-19.png', 50, 50, 50, '2020-10-19 18:28:57', '2020-10-19 18:28:57', NULL);
INSERT INTO `CHARACTERS` (`id`, `sport_id`, `name`, `photo`, `strength`, `agility`, `luck`, `created_at`, `updated_at`, `deleted_at`) VALUES(20, 1, 'Soccer Player 20', 'soccer-photo-20.png', 40, 40, 40, '2020-10-19 18:28:57', '2020-10-19 18:28:57', NULL);
INSERT INTO `CHARACTERS` (`id`, `sport_id`, `name`, `photo`, `strength`, `agility`, `luck`, `created_at`, `updated_at`, `deleted_at`) VALUES(21, 2, 'Basketball Player 1', 'Basketball-photo-1.png', 20, 20, 20, '2020-10-19 18:30:36', '2020-10-19 18:30:36', NULL);
INSERT INTO `CHARACTERS` (`id`, `sport_id`, `name`, `photo`, `strength`, `agility`, `luck`, `created_at`, `updated_at`, `deleted_at`) VALUES(22, 2, 'Basketball Player 2', 'Basketball-photo-2.png', 20, 20, 20, '2020-10-19 18:30:36', '2020-10-19 18:30:36', NULL);
INSERT INTO `CHARACTERS` (`id`, `sport_id`, `name`, `photo`, `strength`, `agility`, `luck`, `created_at`, `updated_at`, `deleted_at`) VALUES(23, 2, 'Basketball Player 3', 'Basketball-photo-3.png', 30, 30, 30, '2020-10-19 18:30:36', '2020-10-19 18:30:36', NULL);
INSERT INTO `CHARACTERS` (`id`, `sport_id`, `name`, `photo`, `strength`, `agility`, `luck`, `created_at`, `updated_at`, `deleted_at`) VALUES(24, 2, 'Basketball Player 4', 'Basketball-photo-4.png', 40, 40, 40, '2020-10-19 18:30:36', '2020-10-19 18:30:36', NULL);
INSERT INTO `CHARACTERS` (`id`, `sport_id`, `name`, `photo`, `strength`, `agility`, `luck`, `created_at`, `updated_at`, `deleted_at`) VALUES(25, 2, 'Basketball Player 5', 'Basketball-photo-5.png', 50, 50, 50, '2020-10-19 18:30:36', '2020-10-19 18:30:36', NULL);
INSERT INTO `CHARACTERS` (`id`, `sport_id`, `name`, `photo`, `strength`, `agility`, `luck`, `created_at`, `updated_at`, `deleted_at`) VALUES(26, 2, 'Basketball Player 6', 'Basketball-photo-6.png', 60, 60, 60, '2020-10-19 18:30:36', '2020-10-19 18:30:36', NULL);
INSERT INTO `CHARACTERS` (`id`, `sport_id`, `name`, `photo`, `strength`, `agility`, `luck`, `created_at`, `updated_at`, `deleted_at`) VALUES(27, 2, 'Basketball Player 7', 'Basketball-photo-7.png', 70, 70, 70, '2020-10-19 18:30:36', '2020-10-19 18:30:36', NULL);
INSERT INTO `CHARACTERS` (`id`, `sport_id`, `name`, `photo`, `strength`, `agility`, `luck`, `created_at`, `updated_at`, `deleted_at`) VALUES(28, 2, 'Basketball Player 8', 'Basketball-photo-8.png', 80, 80, 80, '2020-10-19 18:30:36', '2020-10-19 18:30:36', NULL);
INSERT INTO `CHARACTERS` (`id`, `sport_id`, `name`, `photo`, `strength`, `agility`, `luck`, `created_at`, `updated_at`, `deleted_at`) VALUES(29, 2, 'Basketball Player 9', 'Basketball-photo-9.png', 90, 90, 90, '2020-10-19 18:30:36', '2020-10-19 18:30:36', NULL);
INSERT INTO `CHARACTERS` (`id`, `sport_id`, `name`, `photo`, `strength`, `agility`, `luck`, `created_at`, `updated_at`, `deleted_at`) VALUES(30, 2, 'Basketball Player 10', 'Basketball-photo-10.png', 100, 100, 100, '2020-10-19 18:30:36', '2020-10-19 18:30:36', NULL);
INSERT INTO `CHARACTERS` (`id`, `sport_id`, `name`, `photo`, `strength`, `agility`, `luck`, `created_at`, `updated_at`, `deleted_at`) VALUES(31, 2, 'Basketball Player 11', 'Basketball-photo-11.png', 110, 110, 110, '2020-10-19 18:30:36', '2020-10-19 18:30:36', NULL);
INSERT INTO `CHARACTERS` (`id`, `sport_id`, `name`, `photo`, `strength`, `agility`, `luck`, `created_at`, `updated_at`, `deleted_at`) VALUES(32, 2, 'Basketball Player 12', 'Basketball-photo-12.png', 120, 120, 120, '2020-10-19 18:30:36', '2020-10-19 18:30:36', NULL);
INSERT INTO `CHARACTERS` (`id`, `sport_id`, `name`, `photo`, `strength`, `agility`, `luck`, `created_at`, `updated_at`, `deleted_at`) VALUES(33, 2, 'Basketball Player 13', 'Basketball-photo-13.png', 110, 110, 110, '2020-10-19 18:30:36', '2020-10-19 18:30:36', NULL);
INSERT INTO `CHARACTERS` (`id`, `sport_id`, `name`, `photo`, `strength`, `agility`, `luck`, `created_at`, `updated_at`, `deleted_at`) VALUES(34, 2, 'Basketball Player 14', 'Basketball-photo-14.png', 100, 100, 100, '2020-10-19 18:30:36', '2020-10-19 18:30:36', NULL);
INSERT INTO `CHARACTERS` (`id`, `sport_id`, `name`, `photo`, `strength`, `agility`, `luck`, `created_at`, `updated_at`, `deleted_at`) VALUES(35, 2, 'Basketball Player 15', 'Basketball-photo-15.png', 90, 90, 90, '2020-10-19 18:30:36', '2020-10-19 18:30:36', NULL);
INSERT INTO `CHARACTERS` (`id`, `sport_id`, `name`, `photo`, `strength`, `agility`, `luck`, `created_at`, `updated_at`, `deleted_at`) VALUES(36, 2, 'Basketball Player 16', 'Basketball-photo-16.png', 80, 80, 80, '2020-10-19 18:30:36', '2020-10-19 18:30:36', NULL);
INSERT INTO `CHARACTERS` (`id`, `sport_id`, `name`, `photo`, `strength`, `agility`, `luck`, `created_at`, `updated_at`, `deleted_at`) VALUES(37, 2, 'Basketball Player 17', 'Basketball-photo-17.png', 70, 70, 70, '2020-10-19 18:30:36', '2020-10-19 18:30:36', NULL);
INSERT INTO `CHARACTERS` (`id`, `sport_id`, `name`, `photo`, `strength`, `agility`, `luck`, `created_at`, `updated_at`, `deleted_at`) VALUES(38, 2, 'Basketball Player 18', 'Basketball-photo-18.png', 60, 60, 60, '2020-10-19 18:30:36', '2020-10-19 18:30:36', NULL);
INSERT INTO `CHARACTERS` (`id`, `sport_id`, `name`, `photo`, `strength`, `agility`, `luck`, `created_at`, `updated_at`, `deleted_at`) VALUES(39, 2, 'Basketball Player 19', 'Basketball-photo-19.png', 50, 50, 50, '2020-10-19 18:30:36', '2020-10-19 18:30:36', NULL);
INSERT INTO `CHARACTERS` (`id`, `sport_id`, `name`, `photo`, `strength`, `agility`, `luck`, `created_at`, `updated_at`, `deleted_at`) VALUES(40, 2, 'Basketball Player 20', 'Basketball-photo-20.png', 40, 40, 40, '2020-10-19 18:30:36', '2020-10-19 18:30:36', NULL);
INSERT INTO `CHARACTERS` (`id`, `sport_id`, `name`, `photo`, `strength`, `agility`, `luck`, `created_at`, `updated_at`, `deleted_at`) VALUES(41, 3, 'Volleyball Player 1', 'Volleyball-photo-1.png', 20, 20, 20, '2020-10-19 18:31:50', '2020-10-19 18:31:50', NULL);
INSERT INTO `CHARACTERS` (`id`, `sport_id`, `name`, `photo`, `strength`, `agility`, `luck`, `created_at`, `updated_at`, `deleted_at`) VALUES(42, 3, 'Volleyball Player 2', 'Volleyball-photo-2.png', 20, 20, 20, '2020-10-19 18:31:50', '2020-10-19 18:31:50', NULL);
INSERT INTO `CHARACTERS` (`id`, `sport_id`, `name`, `photo`, `strength`, `agility`, `luck`, `created_at`, `updated_at`, `deleted_at`) VALUES(43, 3, 'Volleyball Player 3', 'Volleyball-photo-3.png', 30, 30, 30, '2020-10-19 18:31:50', '2020-10-19 18:31:50', NULL);
INSERT INTO `CHARACTERS` (`id`, `sport_id`, `name`, `photo`, `strength`, `agility`, `luck`, `created_at`, `updated_at`, `deleted_at`) VALUES(44, 3, 'Volleyball Player 4', 'Volleyball-photo-4.png', 40, 40, 40, '2020-10-19 18:31:50', '2020-10-19 18:31:50', NULL);
INSERT INTO `CHARACTERS` (`id`, `sport_id`, `name`, `photo`, `strength`, `agility`, `luck`, `created_at`, `updated_at`, `deleted_at`) VALUES(45, 3, 'Volleyball Player 5', 'Volleyball-photo-5.png', 50, 50, 50, '2020-10-19 18:31:50', '2020-10-19 18:31:50', NULL);
INSERT INTO `CHARACTERS` (`id`, `sport_id`, `name`, `photo`, `strength`, `agility`, `luck`, `created_at`, `updated_at`, `deleted_at`) VALUES(46, 3, 'Volleyball Player 6', 'Volleyball-photo-6.png', 60, 60, 60, '2020-10-19 18:31:50', '2020-10-19 18:31:50', NULL);
INSERT INTO `CHARACTERS` (`id`, `sport_id`, `name`, `photo`, `strength`, `agility`, `luck`, `created_at`, `updated_at`, `deleted_at`) VALUES(47, 3, 'Volleyball Player 7', 'Volleyball-photo-7.png', 70, 70, 70, '2020-10-19 18:31:50', '2020-10-19 18:31:50', NULL);
INSERT INTO `CHARACTERS` (`id`, `sport_id`, `name`, `photo`, `strength`, `agility`, `luck`, `created_at`, `updated_at`, `deleted_at`) VALUES(48, 3, 'Volleyball Player 8', 'Volleyball-photo-8.png', 80, 80, 80, '2020-10-19 18:31:50', '2020-10-19 18:31:50', NULL);
INSERT INTO `CHARACTERS` (`id`, `sport_id`, `name`, `photo`, `strength`, `agility`, `luck`, `created_at`, `updated_at`, `deleted_at`) VALUES(49, 3, 'Volleyball Player 9', 'Volleyball-photo-9.png', 90, 90, 90, '2020-10-19 18:31:50', '2020-10-19 18:31:50', NULL);
INSERT INTO `CHARACTERS` (`id`, `sport_id`, `name`, `photo`, `strength`, `agility`, `luck`, `created_at`, `updated_at`, `deleted_at`) VALUES(50, 3, 'Volleyball Player 10', 'Volleyball-photo-10.png', 100, 100, 100, '2020-10-19 18:31:50', '2020-10-19 18:31:50', NULL);
INSERT INTO `CHARACTERS` (`id`, `sport_id`, `name`, `photo`, `strength`, `agility`, `luck`, `created_at`, `updated_at`, `deleted_at`) VALUES(51, 3, 'Volleyball Player 11', 'Volleyball-photo-11.png', 110, 110, 110, '2020-10-19 18:31:50', '2020-10-19 18:31:50', NULL);
INSERT INTO `CHARACTERS` (`id`, `sport_id`, `name`, `photo`, `strength`, `agility`, `luck`, `created_at`, `updated_at`, `deleted_at`) VALUES(52, 3, 'Volleyball Player 12', 'Volleyball-photo-12.png', 120, 120, 120, '2020-10-19 18:31:50', '2020-10-19 18:31:50', NULL);
INSERT INTO `CHARACTERS` (`id`, `sport_id`, `name`, `photo`, `strength`, `agility`, `luck`, `created_at`, `updated_at`, `deleted_at`) VALUES(53, 3, 'Volleyball Player 13', 'Volleyball-photo-13.png', 110, 110, 110, '2020-10-19 18:31:50', '2020-10-19 18:31:50', NULL);
INSERT INTO `CHARACTERS` (`id`, `sport_id`, `name`, `photo`, `strength`, `agility`, `luck`, `created_at`, `updated_at`, `deleted_at`) VALUES(54, 3, 'Volleyball Player 14', 'Volleyball-photo-14.png', 100, 100, 100, '2020-10-19 18:31:50', '2020-10-19 18:31:50', NULL);
INSERT INTO `CHARACTERS` (`id`, `sport_id`, `name`, `photo`, `strength`, `agility`, `luck`, `created_at`, `updated_at`, `deleted_at`) VALUES(55, 3, 'Volleyball Player 15', 'Volleyball-photo-15.png', 90, 90, 90, '2020-10-19 18:31:50', '2020-10-19 18:31:50', NULL);
INSERT INTO `CHARACTERS` (`id`, `sport_id`, `name`, `photo`, `strength`, `agility`, `luck`, `created_at`, `updated_at`, `deleted_at`) VALUES(56, 3, 'Volleyball Player 16', 'Volleyball-photo-16.png', 80, 80, 80, '2020-10-19 18:31:50', '2020-10-19 18:31:50', NULL);
INSERT INTO `CHARACTERS` (`id`, `sport_id`, `name`, `photo`, `strength`, `agility`, `luck`, `created_at`, `updated_at`, `deleted_at`) VALUES(57, 3, 'Volleyball Player 17', 'Volleyball-photo-17.png', 70, 70, 70, '2020-10-19 18:31:50', '2020-10-19 18:31:50', NULL);
INSERT INTO `CHARACTERS` (`id`, `sport_id`, `name`, `photo`, `strength`, `agility`, `luck`, `created_at`, `updated_at`, `deleted_at`) VALUES(58, 3, 'Volleyball Player 18', 'Volleyball-photo-18.png', 60, 60, 60, '2020-10-19 18:31:50', '2020-10-19 18:31:50', NULL);
INSERT INTO `CHARACTERS` (`id`, `sport_id`, `name`, `photo`, `strength`, `agility`, `luck`, `created_at`, `updated_at`, `deleted_at`) VALUES(59, 3, 'Volleyball Player 19', 'Volleyball-photo-19.png', 50, 50, 50, '2020-10-19 18:31:50', '2020-10-19 18:31:50', NULL);
INSERT INTO `CHARACTERS` (`id`, `sport_id`, `name`, `photo`, `strength`, `agility`, `luck`, `created_at`, `updated_at`, `deleted_at`) VALUES(60, 3, 'Volleyball Player 20', 'Volleyball-photo-20.png', 40, 40, 40, '2020-10-19 18:31:50', '2020-10-19 18:31:50', NULL);

INSERT INTO `MARKET_CONFIGURATION` (`id`, `characters_number`, `minimum_price`, `maximum_price`, `created_at`, `updated_at`, `deleted_at`) VALUES(1, 5, 10, 100, '2020-10-19 18:14:40', '2020-10-19 18:14:40', NULL);

INSERT INTO `SPORTS` (`id`, `name`, `minimum`, `maximum`, `created_at`, `updated_at`, `deleted_at`) VALUES(1, 'Soccer', 8, 17, '2020-10-19 18:08:48', '2020-10-19 18:08:48', NULL);
INSERT INTO `SPORTS` (`id`, `name`, `minimum`, `maximum`, `created_at`, `updated_at`, `deleted_at`) VALUES(2, 'Basketball', 5, 12, '2020-10-19 18:10:30', '2020-10-19 18:10:30', NULL);
INSERT INTO `SPORTS` (`id`, `name`, `minimum`, `maximum`, `created_at`, `updated_at`, `deleted_at`) VALUES(3, 'Volleyball', 6, 14, '2020-10-19 18:13:07', '2020-10-19 18:13:07', NULL);

INSERT INTO `USERS` (`id`, `username`, `first_name`, `last_name`, `email`, `budget`, `created_at`, `updated_at`, `deleted_at`) VALUES(1, 'julceslau', 'Julio Cesar', 'Laura Avendaño', 'contact@julio-laura.com', 1000, '2020-10-19 18:04:54', '2020-10-19 18:04:54', NULL);
INSERT INTO `USERS` (`id`, `username`, `first_name`, `last_name`, `email`, `budget`, `created_at`, `updated_at`, `deleted_at`) VALUES(2, 'alex.fiestas', 'Alex', 'Fiestas', 'alex@playmister.com', 1000, '2020-10-19 18:06:24', '2020-10-19 18:06:24', NULL);
